Name,Address,Type,Description,Image_URL
Tran Dai Nghia High School for the Gifted,"20 Lý Tự Trọng, Bến Nghé, Quận 1, Thành phố Hồ Chí Minh, Vietnam",Schools & Educational Institutions,"This is my middle school, and my four years at Tran Dai Nghia were genuinely the happiest, most formative years for me. Because it sits in the heart of Saigon, it was always easy to get to so many cultural and historic places around the city. It’s also special because the school isn’t just prestigious—it’s housed in a 150-year-old architectural landmark.",https://scontent-dfw5-2.xx.fbcdn.net/v/t1.6435-9/125415242_3486949781415703_2826179567073379034_n.jpg?_nc_cat=106&ccb=1-7&_nc_sid=13d280&_nc_ohc=cpNjZ1i_HvgQ7kNvwGWuh6R&_nc_oc=AdkWsuNh7CiGpeEhTEsEwxhK1Fbm7b6sXQ4oxWWAkonHDtifJUpbfAS6DDvgkSkNKkU&_nc_zt=23&_nc_ht=scontent-dfw5-2.xx&_nc_gid=nFJrpCmYWNZH5BaLVTfE-Q&_nc_ss=8&oh=00_AfziasiOaNo785UbFMPR2DzKW4ScBpLXKLQnIc8TnTj6AQ&oe=69CC5DDD
High School for the Gifted VNUHCM,"153 Nguyễn Chí Thanh, Street, Quận 5, Thành phố Hồ Chí Minh, Vietnam",Schools & Educational Institutions,"High School for the Gifted (VNUHCM) is my high school and one of the most academically competitive schools in Vietnam. Even though the campus is relatively small, it’s where I built a lot of core memories. Its location near Saigon’s Chinatown and the hospital district places it in one of the city’s most energetic and vibrant areas.",https://cdn-i.doisongphapluat.com.vn/resize/th/upload/2024/05/14/truong-pho-thong-nang-khieu-co-ty-le-choi-vao-10-cao-nhat-6-nam-qua-11004592.jpg
Landmark 81,"720A Điện Biên Phủ, Phường, Bình Thạnh, Thành phố Hồ Chí Minh 72300, Vietnam",Landmark,"Landmark 81 is the tallest building in Vietnam and one of the biggest symbols of Saigon’s rapid development. It’s right by where I live, so I always think of it as the city’s “future” in one building—luxury shopping, restaurants, and residential space all stacked into one place. The SkyView observatory at the top is seriously a must-visit for the 360° view.",https://static.vinwonders.com/production/landmark-81-banner.jpg
Cơm Tấm Mộc,"85 Lý Tự Trọng, Phường Bến Thành, Quận 1, Thành phố Hồ Chí Minh, Vietnam",Restaurants & Cafes,"Cơm Tấm Mộc is a popular broken rice restaurant chain, and it’s still my go-to because it tastes like my childhood. Cơm tấm is a classic Saigon specialty, and my family has been coming here since it was only one restaurant. Now it’s expanded into multiple locations, which makes it feel even more “Saigon”—always growing, but still familiar.",https://dynamic-media-cdn.tripadvisor.com/media/photo-o/31/47/c4/d0/caption.jpg
Ben Thanh Market,"Ben Thanh, District 1, Ho Chi Minh City, Vietnam",Culture & History,"Ben Thanh Market is honestly the Saigon icon—my family used to live right across from the West Gate, so it was part of my everyday life. You can hear, smell, see, and feel the city all at once here, and you can buy everything from souvenirs to food to random little trinkets. It’s definitely more expensive because it’s so central, but the vibe is still unmatched.",https://static-images.vnncdn.net/vps_images_publish/000001/00000Q/2026/2/2/ben-thanh-market-and-turtle-lake-transform-for-tet-2026-0f3e45db3ce14354b2c8245caba24d0b-2231.jpg
Nam Giao Restaurant,"136/15 Lê Thánh Tôn, Phường Bến Thành, Quận 1, Thành phố Hồ Chí Minh 700000, Vietnam",Restaurants & Cafes,"Nam Giao is our go-to restaurant for central Vietnamese dishes—authentic, cozy, and the kind of place you always want to come back to. My family has been coming here for so long that we’ve become friends with the owners. The sweetest part is that even after three years away, they still knew who I was and remembered exactly what I order.",https://dynamic-media-cdn.tripadvisor.com/media/photo-o/14/b0/e8/09/photo0jpg.jpg
Tôn Thất Đạm Apartment Building,"14 Tôn Thất Đạm, Phường Nguyễn Thái Bình, Quận 1, Thành phố Hồ Chí Minh, Vietnam",Culture & History,"Tôn Thất Đạm Apartment Building is classic old Saigon architecture, but inside it’s full of hidden, trendy stores that feel like little discoveries. It’s one of my favorite places because it captures that “old meets new” energy of the city. Also… if I ever snuck out of class, this was definitely one of my top locations",https://tranngoctueman.wordpress.com/wp-content/uploads/2016/12/1436351501_d10.jpg
War Remnants Museum,"Phường 6, District 3, Ho Chi Minh City 700000, Vietnam",Culture & History,"War Remnants Museum is one of the most important places to visit in Saigon, especially if you’re American, because it presents the war through stories and evidence that can feel very different from what you might have grown up hearing. It’s a heavy experience, but I’ve seen it change my American friends’ perspectives in a real way. For me, it also honors how hard Vietnamese families fought and endured to protect this country’s future.",https://cdn.silverlandhotels.com/wp-content/uploads/2025/03/bao-tang-chung-tich-chien-tranh-1-e1504148866695.jpg
Morico Saigon Pearl,"92 Nguyễn Hữu Cảnh, Phường 22, Bình Thạnh, Thành phố Hồ Chí Minh, Vietnam",Restaurants & Cafes,"Morico Saigon Pearl is my family’s favorite spot for Japanese food—everything is always consistently good. It’s a bit pricey, but we eat here for both big celebrations and tiny everyday moments, mostly because it’s located right in our apartment complex. If you want to spot my family in Saigon, there’s a good chance we’re here.",https://hataraku-mama.info/wp-content/uploads/2019/12/2019-12-18-14-03-12-574.jpg
Hai An Bookstore,"2B Nguyễn Thị Minh Khai, Đa Kao, Quận 1, Thành phố Hồ Chí Minh 700000, Vietnam",Culture & History,"Hải An Bookstore is honestly a core memory for me—this is where my boyfriend and I first met (aka our first date moment). It’s calm and quiet enough for reading, but it still feels like a cute place to hang out without being too crowded. I love that it’s both a bookstore and a little “safe space” in the city.",https://dynamic-media-cdn.tripadvisor.com/media/photo-o/1f/e4/3a/9a/panoramic-view-inside.jpg
Tao Dan Badminton Court,"01 Huyền Trân Công Chúa, Phường Bến Thành, Quận 1, Thành phố Hồ Chí Minh, Vietnam",Recreation,"Tao Đàn Badminton Court has been part of my life since I was 3 - I’ve taken lessons here for as long as I can remember. It’s also the default meet-up spot for my friends, because you can run into old friends, catch up, and even make new ones on the court. It’s super affordable per hour, but the quality and vibe are honestly top-tier.",https://sieuthicaulong.vn/userfiles/files/image3.jpg
CHAY GARDEN Xuân Thủy,"52 Xuân Thủy, Thảo Điền, Thủ Đức, Thành phố Hồ Chí Minh 700000, Vietnam",Restaurants & Cafes,"This is my mom and I’s go-to vegetarian spot, and we always do the buffet. It’s calm and peaceful, and it feels like a reset day for us—like a light “detox” but still actually satisfying. The menu changes every week, so it stays exciting and doesn’t feel like “sad veggie food.”",https://dynamic-media-cdn.tripadvisor.com/media/photo-o/31/bf/93/a6/outdoor-space.jpg